city,lat,long,temp,humidity,cloud,wind,country,date and time
koppa,13.5304,75.3633,66.36,70,0,1.77,IN,1615145247
upernavik,72.7868,-56.1549,-17.39,83,0,12.57,GL,1615145247
dikson,73.5069,80.5464,-16.33,88,100,10.36,RU,1615145247
port moresby,-9.4431,147.1797,73.4,100,20,5.75,PG,1615145247
lichinga,-13.3128,35.2406,65.19,100,90,11.5,MZ,1615145215
albany,42.6001,-73.9662,31.68,36,50,4.0,US,1615145248
arraial do cabo,-22.9661,-42.0278,77.76,83,75,9.22,BR,1615145248
sault sainte marie,46.5168,-84.3333,25.75,36,1,4.61,CA,1615145228
acapulco,16.8634,-99.8901,84.2,65,1,10.36,MX,1615145248
punta arenas,-53.15,-70.9167,48.2,66,40,36.82,CL,1615145077
rudsar,37.1376,50.288,46.4,100,90,4.61,IR,1615145249
bali chak,22.3667,87.55,67.82,75,0,6.2,IN,1615145249
west point,33.6076,-88.6503,60.73,27,1,3.44,US,1615145250
georgetown,5.4112,100.3354,78.15,94,20,3.44,MY,1615145250
atuona,-9.8,-139.0333,79.7,72,17,11.34,PF,1615145250
strathpeffer,57.588,-4.5382,44.19,87,40,6.91,GB,1615145250
barrow,71.2906,-156.7887,-16.6,63,90,13.8,US,1615145250
batemans bay,-35.7167,150.1833,55.81,95,24,1.01,AU,1615145251
busselton,-33.65,115.3333,63.27,88,100,1.99,AU,1615145251
rikitea,-23.1203,-134.9692,79.81,80,100,16.53,PF,1615144991
castro,-24.7911,-50.0119,72.01,83,7,3.36,BR,1615145251
vaini,-21.2,-175.2,82.4,89,75,8.05,TO,1615145252
mae sai,20.4335,99.8762,62.6,82,59,3.44,TH,1615145252
bredasdorp,-34.5322,20.0403,62.6,77,100,4.61,ZA,1615145252
nanortalik,60.1432,-45.2371,31.19,97,99,8.99,GL,1615145253
binzhou,37.3667,118.0167,37.0,66,0,4.5,CN,1615145253
waldoboro,44.0954,-69.3756,31.44,43,1,6.91,US,1615145253
medvezhyegorsk,62.9167,34.4667,13.24,94,100,12.06,RU,1615145253
atherton,53.5237,-2.4935,42.58,70,2,4.0,GB,1615145254
shingu,33.7333,135.9833,52.52,89,100,7.23,JP,1615145254
bluff,-46.6,168.3333,51.01,76,88,10.0,NZ,1615145254
hermanus,-34.4187,19.2345,61.0,88,95,7.99,ZA,1615145255
cidreira,-30.1811,-50.2056,76.12,59,3,7.43,BR,1615145255
tuatapere,-46.1333,167.6833,51.01,76,88,10.0,NZ,1615145255
chokurdakh,70.6333,147.9167,-13.41,89,100,11.63,RU,1615145256
torbay,47.6666,-52.7314,32.65,64,75,19.57,CA,1615145256
along,28.1667,94.7667,56.82,68,2,1.95,IN,1615145256
nanpiao,41.0982,120.7479,25.81,93,10,0.56,CN,1615145257
tahta,26.7693,31.5021,70.0,20,0,13.8,EG,1615145257
diffa,13.3154,12.6113,80.85,12,2,8.57,NE,1615145257
tessalit,20.1986,1.0114,85.68,13,100,7.02,ML,1615145257
fortuna,40.5982,-124.1573,52.57,66,20,8.05,US,1615145258
muros,42.7762,-9.0603,48.99,64,2,5.01,ES,1615145258
luderitz,-26.6481,15.1594,68.27,62,0,15.21,NA,1615145258
ushuaia,-54.8,-68.3,44.6,70,40,28.77,AR,1615145258
hat yai,7.0084,100.4767,75.2,100,20,2.3,TH,1615145259
souillac,-20.5167,57.5167,78.8,89,40,6.91,MU,1615145259
abaza,52.655,90.0928,22.03,93,100,4.27,RU,1615145259
avarua,-21.2078,-159.775,82.4,83,100,3.44,CK,1615145260
ponta do sol,32.6667,-17.1,56.53,78,48,3.0,PT,1615145260
xuddur,4.1213,43.8894,79.0,30,34,13.53,SO,1615145260
muroto,33.2833,134.15,54.01,89,100,15.08,JP,1615145260
jacareacanga,-6.2222,-57.7528,87.15,71,85,2.28,BR,1615145261
preobrazheniye,42.9019,133.9064,23.95,92,0,8.21,RU,1615145261
yellowknife,62.456,-114.3525,9.68,72,20,14.97,CA,1615145223
port keats,-14.25,129.55,80.46,81,100,3.89,AU,1615145261
linjiang,41.8069,126.9078,19.99,90,0,1.79,CN,1615145261
balabac,7.9868,117.0645,80.15,78,100,12.68,PH,1615145261
port alfred,-33.5906,26.891,66.99,90,47,1.99,ZA,1615145262
khatanga,71.9667,102.5,-27.92,85,79,8.86,RU,1615145262
yar-sale,66.8333,70.8333,-23.93,86,84,7.54,RU,1615145262
price,39.5994,-110.8107,55.4,22,1,3.44,US,1615145262
new norfolk,-42.7826,147.0587,52.2,78,100,1.54,AU,1615145262
jamestown,42.097,-79.2353,28.22,89,20,9.8,US,1615145190
round rock,30.5083,-97.6789,65.86,26,1,5.75,US,1615145175
shimoda,34.6667,138.95,39.99,87,100,10.38,JP,1615145263
poum,-20.2333,164.0167,76.91,75,0,9.57,NC,1615145263
east london,-33.0153,27.9116,68.0,88,75,9.22,ZA,1615145234
bambous virieux,-20.3428,57.7575,79.83,89,40,6.91,MU,1615145263
huilong,31.8111,121.655,49.14,93,32,6.2,CN,1615145263
tuktoyaktuk,69.4541,-133.0374,-18.4,76,40,18.41,CA,1615145264
ust-kuyga,70.0167,135.6,-19.84,85,100,8.79,RU,1615145264
cape town,-33.9258,18.4232,61.79,72,20,11.5,ZA,1615145261
havre-saint-pierre,50.2334,-63.5986,26.6,74,90,20.71,CA,1615145265
butaritari,3.0707,172.7902,80.56,79,0,9.31,KI,1615145265
puerto ayora,-0.7393,-90.3518,84.07,79,20,11.5,EC,1615145265
mamlyutka,54.9375,68.5394,28.53,99,100,20.74,KZ,1615145265
kapaa,22.0752,-159.319,73.74,73,40,14.97,US,1615145266
necochea,-38.5473,-58.7368,91.0,37,100,8.99,AR,1615145266
coquimbo,-29.9533,-71.3436,64.4,82,75,13.8,CL,1615145061
horodnye,45.8908,28.8483,37.26,74,29,12.08,UA,1615145266
mataura,-46.1927,168.8643,51.01,76,94,10.0,NZ,1615145267
vila franca do campo,37.7167,-25.4333,62.6,88,75,14.97,PT,1615145267
sola,-13.8833,167.55,75.2,100,20,8.37,VU,1615145267
olinda,-8.0089,-34.8553,82.4,65,40,9.22,BR,1615145267
muttupet,10.4,79.4833,77.45,90,25,9.6,IN,1615145268
tynda,55.1667,124.7167,-1.14,92,100,1.14,RU,1615145268
atambua,-9.1061,124.8925,73.15,91,8,1.68,ID,1615145268
thompson,55.7435,-97.8558,37.4,75,75,9.22,CA,1615145082
camacha,33.0833,-16.3333,59.0,94,75,3.44,PT,1615145269
marawi,7.9986,124.2928,73.99,90,87,7.0,PH,1615145269
antalaha,-14.9003,50.2788,75.72,89,100,3.47,MG,1615145269
walvis bay,-22.9575,14.5053,64.4,77,0,4.61,NA,1615145269
riyadh,24.6877,46.7219,66.67,26,0,4.61,SA,1615145149
athabasca,54.7169,-113.2854,35.6,44,100,1.14,CA,1615145269
mendi,-6.1761,143.6513,53.91,98,89,1.39,PG,1615145270
cabo san lucas,22.8909,-109.9124,77.0,38,1,10.36,MX,1615145252
vaskut,46.1078,18.9851,37.38,71,0,4.18,HU,1615145270
stornoway,58.2093,-6.3865,46.65,93,75,5.75,GB,1615145270
mount isa,-20.7333,139.5,80.6,47,28,10.36,AU,1615145271
verkhovazhye,60.7472,42.0465,14.56,95,100,11.03,RU,1615145271
airai,-8.9266,125.4092,59.18,100,21,0.63,TL,1615145271
khani,41.9563,42.9566,37.4,93,90,2.3,GE,1615145272
batavia,41.85,-88.3126,48.09,42,1,9.22,US,1615145109
pacific grove,36.6177,-121.9166,54.66,33,1,4.61,US,1615145160
bagdarin,54.4333,113.6,9.88,91,100,3.4,RU,1615145272
saint-philippe,-21.3585,55.7679,73.6,88,14,8.05,RE,1615145272
victoria,22.2855,114.1577,64.15,91,81,1.99,HK,1615145182
bitung,1.4451,125.1824,73.4,94,20,2.3,ID,1615145272
caruray,10.3094,119.0128,77.0,88,20,6.91,PH,1615145273
peniche,39.3558,-9.3811,53.73,76,96,7.0,PT,1615145273
pangnirtung,66.1451,-65.7125,-2.2,78,1,6.91,CA,1615145273
quang ngai,15.1167,108.8,73.94,85,71,3.31,VN,1615145273
tasiilaq,65.6145,-37.6368,33.8,86,90,37.98,GL,1615145274
ningyang,35.7642,116.7914,40.01,70,100,2.66,CN,1615145274
alugan,12.2188,125.4808,78.21,84,100,15.14,PH,1615145274
faya,18.3851,42.4509,61.7,59,0,9.22,SA,1615145274
sorland,67.667,12.6934,32.0,74,40,5.75,NO,1615145275
hilo,19.7297,-155.09,67.33,83,90,9.22,US,1615145183
ahipara,-35.1667,173.1667,64.54,64,100,13.15,NZ,1615145275
hobart,-42.8794,147.3294,52.65,93,75,2.13,AU,1615145011
colares,38.7992,-9.4469,53.62,76,20,11.5,PT,1615145275
codrington,-38.2667,141.9667,58.55,92,100,10.29,AU,1615145276
mount gambier,-37.8333,140.7667,57.2,100,90,8.05,AU,1615145276
fukue,32.6881,128.8419,52.36,80,20,23.09,JP,1615145276
asyut,27.181,31.1837,66.2,45,0,14.97,EG,1615145277
makakilo city,21.3469,-158.0858,75.78,61,1,8.05,US,1615145277
pundaguitan,6.3711,126.1689,80.35,77,100,11.27,PH,1615145277
half moon bay,37.4636,-122.4286,55.63,76,1,14.97,US,1615145277
sayyan,15.1718,44.3244,56.35,37,0,4.7,YE,1615145277
kaitangata,-46.2817,169.8464,51.01,71,57,8.99,NZ,1615145278
okha,53.5739,142.9478,-6.38,90,26,11.9,RU,1615145278
general pico,-35.6566,-63.7568,99.7,21,100,7.78,AR,1615145279
bykov,47.3167,142.55,6.8,92,40,6.71,RU,1615145279
quatre cocos,-20.2078,57.7625,79.95,89,40,6.91,MU,1615145279
samana,19.2056,-69.3369,89.6,66,20,9.22,DO,1615145051
seoul,37.5683,126.9778,32.04,93,0,2.3,KR,1615145006
port lincoln,-34.7333,135.8667,60.4,82,30,15.7,AU,1615145279
carnarvon,-24.8667,113.6333,77.0,100,0,9.22,AU,1615145280
hofn,64.2539,-15.2082,38.62,76,76,2.77,IS,1615145280
padang,-0.9492,100.3543,73.4,100,40,2.3,ID,1615145044
walker,30.7335,-95.5669,65.8,26,1,10.36,US,1615145280
matagami,49.7502,-77.6328,10.4,48,1,6.91,CA,1615145280
carauari,-4.8828,-66.8958,88.27,67,77,2.33,BR,1615145280
mana,5.6592,-53.7767,82.45,73,11,14.47,GF,1615145281
qaanaaq,77.484,-69.3632,-14.01,66,0,5.21,GL,1615145281
katete,-0.7818,29.7544,65.93,82,100,3.09,UG,1615145281
hamilton,39.1834,-84.5333,46.45,21,1,10.36,US,1615145269
araouane,18.9048,-3.5265,84.76,14,100,9.04,ML,1615145282
sibolga,1.7427,98.7792,76.77,78,100,3.58,ID,1615145282
maceio,-9.6658,-35.7353,86.0,62,0,13.8,BR,1615145282
naze,28.3667,129.4833,62.78,90,100,5.06,JP,1615145282
mbigou,-1.9005,11.906,71.13,84,45,2.51,GA,1615145283
itarema,-2.9248,-39.9167,81.19,79,100,14.07,BR,1615145283
banes,20.9625,-75.7186,89.6,40,40,9.22,CU,1615145283
kodiak,57.79,-152.4072,37.4,60,1,8.05,US,1615145037
clarence town,-32.5833,151.7833,64.51,94,40,5.75,AU,1615145284
adre,13.4667,22.2,75.97,15,92,13.38,TD,1615145284
sao jose de ribamar,-2.5619,-44.0542,84.2,79,40,14.97,BR,1615145284
vao,-22.6667,167.4833,74.86,79,0,18.57,NC,1615145284
korla,41.7597,86.1469,45.03,54,100,7.56,CN,1615145285
tsnori,41.6209,45.9694,35.6,93,90,13.8,GE,1615145285
margate,51.3813,1.3862,34.61,80,0,1.03,GB,1615145173
longyearbyen,78.2186,15.6401,3.2,66,20,16.11,SJ,1615145285
shakiso,5.75,38.9167,60.62,32,0,3.09,ET,1615145286
mandla,22.6,80.3833,66.92,25,0,2.24,IN,1615145286
ossora,59.2353,163.0719,-22.72,73,0,6.02,RU,1615145286
valdosta,30.8327,-83.2785,63.61,24,1,11.5,US,1615145219
zhaoqing,23.0512,112.4597,66.99,99,44,3.58,CN,1615145287
kahului,20.8947,-156.47,72.25,64,40,18.41,US,1615145287
tautira,-17.7333,-149.15,82.2,78,75,16.11,PF,1615145287
balikpapan,-1.2675,116.8289,75.02,92,100,5.44,ID,1615145287
meulaboh,4.1363,96.1285,77.38,79,100,1.86,ID,1615145287
ribeira grande,38.5167,-28.7,62.6,94,75,18.41,PT,1615145287
umm kaddadah,13.6017,26.6876,73.27,14,0,12.46,SD,1615145288
santa isabel do rio negro,-0.4139,-65.0192,88.5,65,41,5.39,BR,1615145288
sitka,57.0531,-135.33,41.0,75,40,4.61,US,1615145211
lamu,-2.2717,40.902,78.78,81,0,15.86,KE,1615145288
nelson bay,-32.7167,152.15,66.0,94,40,5.75,AU,1615145146
inhambane,-23.865,35.3833,78.39,69,20,6.98,MZ,1615145289
faanui,-16.4833,-151.75,81.95,77,100,17.31,PF,1615145289
kyenjojo,0.6328,30.6214,67.06,62,100,1.97,UG,1615145289
eldorado,-23.7869,-54.2836,84.51,54,4,6.42,BR,1615145290
haysyn,48.8114,29.3898,31.86,90,4,11.45,UA,1615145290
bethel,41.3712,-73.414,35.82,32,1,9.22,US,1615145290
camopi,3.1655,-52.3158,85.44,63,100,6.73,GF,1615145290
tazovskiy,67.4667,78.7,-18.36,89,90,3.56,RU,1615145291
ilulissat,69.2167,-51.1,19.4,73,75,11.5,GL,1615145291
flin flon,54.7682,-101.865,44.6,39,1,12.66,CA,1615145291
talakan,50.3167,130.3667,-5.19,90,69,1.77,RU,1615145292
pisco,-13.7,-76.2167,80.1,57,0,12.66,PE,1615145292
hovd,48.0056,91.6419,23.95,70,100,1.77,MN,1615145292
yulara,-25.2406,130.9889,71.6,49,40,6.91,AU,1615145292
pahrump,36.2083,-115.9839,65.98,23,96,1.99,US,1615145112
sisimiut,66.9395,-53.6735,16.47,94,97,15.46,GL,1615145292
chuy,-33.6971,-53.4616,76.51,66,23,8.88,UY,1615145293
castelo branco,39.8222,-7.4909,55.0,70,0,1.01,PT,1615145188
japura,-0.3167,102.35,70.29,97,100,1.92,ID,1615145293
sulingen,52.6833,8.8,38.43,81,75,11.5,DE,1615145293
dingle,10.9995,122.6711,73.89,90,100,7.7,PH,1615145294
bodden town,19.2833,-81.25,82.71,65,75,8.05,KY,1615145294
mahebourg,-20.4081,57.7,78.8,89,40,6.91,MU,1615145294
varkkallai,8.7341,76.7067,84.2,74,20,2.89,IN,1615145294
huarmey,-10.0681,-78.1522,79.12,63,96,12.35,PE,1615145295
usinsk,65.9939,57.5281,-21.87,87,7,4.18,RU,1615145295
middleton,53.55,-2.2,40.1,67,23,1.99,GB,1615145295
gat,31.61,34.7642,54.93,100,0,3.91,IL,1615145222
kerman,30.2832,57.0788,44.6,36,0,2.3,IR,1615145295
hithadhoo,-0.6,73.0833,83.61,69,0,10.76,MV,1615145296
payo,-3.7508,103.6372,70.92,94,68,1.54,ID,1615145296
iqaluit,63.7506,-68.5145,-3.14,71,90,9.22,CA,1615145296
klaksvik,62.2266,-6.589,41.0,100,75,2.3,FO,1615145296
muravlenko,63.7898,74.523,-2.29,93,51,9.28,RU,1615145296
isangel,-19.55,169.2667,71.6,94,20,10.69,VU,1615145297
taltal,-25.4,-70.4833,72.09,62,22,8.46,CL,1615145297
craig,40.5153,-107.5464,49.08,35,1,4.61,US,1615145297
rochegda,62.8,43.25,6.51,94,99,7.61,RU,1615145297
luanda,-8.8368,13.2343,80.6,83,40,6.91,AO,1615145297
college,64.8569,-147.8028,8.44,72,90,3.44,US,1615145297
lebu,-37.6167,-73.65,66.81,79,88,11.54,CL,1615145298
sturgis,41.7992,-85.4192,42.33,19,1,3.44,US,1615145298
galle,6.0367,80.217,78.84,78,31,3.24,LK,1615145298
sao filipe,14.8961,-24.4956,71.71,73,2,15.12,CV,1615145298
xining,36.6167,101.7667,33.42,80,0,2.17,CN,1615145299
mildura,-34.2,142.15,64.4,82,75,3.44,AU,1615145299
kaman,27.65,77.2667,73.22,23,0,3.78,IN,1615145299
lahaina,20.8783,-156.6825,74.79,57,1,11.5,US,1615145300
kasongo-lunda,-6.4667,16.8167,70.41,93,99,2.48,CD,1615145300
bathsheba,13.2167,-59.5167,82.4,57,75,25.32,BB,1615145300
cherskiy,68.75,161.3,-23.01,87,100,6.38,RU,1615145301
san carlos del zulia,9.0,-71.9135,92.43,49,72,7.99,VE,1615145301
kota bahru,6.1333,102.2386,77.0,88,20,3.65,MY,1615145301
svetlogorsk,52.6333,29.7333,30.58,98,100,10.87,BY,1615145301
ancud,-41.8697,-73.8203,62.04,52,75,14.97,CL,1615145302
naron,43.5167,-8.1528,46.78,66,0,6.91,ES,1615145302
chadan,51.2833,91.5833,6.82,87,69,0.27,RU,1615145302
hit,33.6416,42.8251,64.35,29,0,11.18,IQ,1615145302
tiksi,71.6872,128.8694,-17.12,87,100,7.81,RU,1615145303
lata,40.1629,-8.3327,53.37,86,21,7.0,PT,1615145303
kirakira,-10.4544,161.9205,79.54,80,100,3.4,SB,1615145303
malartic,48.1335,-78.1328,12.87,44,20,8.05,CA,1615145303
aswan,24.0934,32.907,71.64,17,0,11.43,EG,1615145304
tamiahua,21.2667,-97.45,74.59,62,4,6.6,MX,1615145304
kavieng,-2.5744,150.7967,81.73,75,100,6.06,PG,1615145304
samarai,-10.6167,150.6667,79.3,78,100,4.18,PG,1615145304
mancio lima,-7.6142,-72.8958,77.0,100,75,4.61,BR,1615145305
husavik,66.0449,-17.3389,33.8,75,0,6.4,IS,1615145305
albenga,44.0529,8.216,50.16,71,0,3.76,IT,1615145306
vilhena,-12.7406,-60.1458,80.6,78,40,5.75,BR,1615145306
ariquemes,-9.9133,-63.0408,80.56,89,100,2.42,BR,1615145306
gimli,50.6336,-96.9907,41.0,75,100,8.05,CA,1615145306
aleksandrovsk-sakhalinskiy,50.8975,142.1561,0.97,88,0,6.46,RU,1615145307
linxia,35.6003,103.2064,38.82,65,0,3.04,CN,1615145307
cacahuatepec,16.8861,-99.6106,84.2,65,1,10.36,MX,1615145307
almunecar,36.7339,-3.6907,55.31,91,91,6.96,ES,1615145307
saint george,37.1041,-113.5841,69.44,18,100,4.9,US,1615145308
aurangabad,19.8833,75.3333,77.0,38,0,7.29,IN,1615145308
topchanchi,23.9,86.2,70.52,23,60,2.3,IN,1615145308
finnsnes,69.2296,17.9811,19.4,86,75,3.44,NO,1615145308
geraldton,-28.7667,114.6,75.2,64,0,13.8,AU,1615145308
vila velha,-20.3297,-40.2925,82.33,78,75,9.22,BR,1615145139
katsuura,35.1333,140.3,44.94,76,75,6.91,JP,1615145309
noumea,-22.2763,166.4572,69.8,88,90,2.3,NC,1615145309
jiaonan,35.8786,119.9753,34.59,86,0,2.24,CN,1615145309
ahmadpur east,29.1431,71.2598,71.42,34,0,8.75,PK,1615145309
sobolevo,54.4299,31.8996,22.08,94,85,11.36,RU,1615145310
lompoc,34.6391,-120.4579,55.11,62,40,11.5,US,1615145163
barra patuca,15.8,-84.2833,82.71,56,0,7.92,HN,1615145310
biak,-0.9131,122.8766,75.36,82,100,5.7,ID,1615145311
sabang,5.8933,95.3214,82.6,76,100,9.37,ID,1615145311
lavrentiya,65.5833,-171.0,29.57,98,100,25.86,RU,1615145311
marsh harbour,26.5412,-77.0636,68.97,76,92,31.94,BS,1615145311
nueve de julio,-35.4444,-60.8831,91.99,29,97,7.0,AR,1615145312
khabary,53.6259,79.5345,24.58,98,100,14.79,RU,1615145312
peace river,56.2501,-117.286,30.2,64,20,11.5,CA,1615145312
tura,25.5198,90.2201,66.52,42,0,5.39,IN,1615145312
cascas,-7.4833,-78.8167,62.6,67,90,6.91,PE,1615145313
marsa matruh,31.3525,27.2453,59.0,72,0,5.75,EG,1615145313
gallup,35.5281,-108.7426,59.54,18,1,5.75,US,1615145313
vestmannaeyjar,63.4427,-20.2734,43.34,71,47,19.66,IS,1615145313
obo,5.3998,26.4869,79.3,24,42,3.91,CF,1615145314
gamba,-2.65,10.0,78.71,86,0,5.68,GA,1615145314
alexandria,31.2156,29.9553,60.8,72,0,8.05,EG,1615145314
shagonar,51.5333,92.8,9.03,89,84,0.72,RU,1615145314
nizwa,22.9333,57.5333,69.33,32,0,3.22,OM,1615145315
moussoro,13.6408,16.4901,83.08,11,0,12.8,TD,1615145315
mora,11.0461,14.1401,78.6,16,5,6.98,CM,1615145315
karonga,-9.9333,33.9333,74.66,83,100,3.29,MW,1615145113
musoma,-1.5,33.8,73.85,76,14,5.73,TZ,1615145316
nikolskoye,59.7035,30.7861,20.37,86,90,17.9,RU,1615145316
kwinana,-32.25,115.7667,70.95,78,100,14.97,AU,1615145316
keuruu,62.2667,24.7,20.23,73,90,13.8,FI,1615145317
kieta,-6.2167,155.6333,78.01,80,100,1.25,PG,1615145317
bilma,18.6853,12.9164,77.95,15,0,5.64,NE,1615145317
hazorasp,41.3194,61.0742,46.4,66,0,9.22,UZ,1615145317
vardo,70.3705,31.1107,24.8,74,75,11.5,NO,1615145318
oussouye,12.485,-16.5469,84.09,73,0,9.22,SN,1615145318
bubaque,11.2833,-15.8333,76.6,71,38,13.91,GW,1615145318
lyskovo,56.0328,45.0422,23.63,97,100,12.8,RU,1615145318
yayva,59.3303,57.2641,-5.33,91,28,2.68,RU,1615145319
santa rosa,14.3122,121.1114,76.62,78,20,2.3,PH,1615145319
guerrero negro,27.9769,-114.0611,64.04,60,27,15.43,MX,1615145319
santa cruz,-17.8,-63.1667,91.4,52,40,11.5,BO,1615145275
hambantota,6.1241,81.1185,77.0,100,40,4.61,LK,1615145320
dakar,14.6937,-17.4441,69.8,68,0,13.8,SN,1615145320
santa vitoria do palmar,-33.5189,-53.3681,76.5,67,22,8.79,BR,1615145321
bulungu,-4.55,18.6,68.85,96,90,2.55,CD,1615145321
chidambaram,11.4,79.7,77.02,89,13,9.62,IN,1615145321
korcula,42.9622,17.1369,39.2,60,0,3.44,HR,1615145321
cedar city,37.6775,-113.0619,61.5,14,1,18.41,US,1615145322
westport,41.1415,-73.3579,38.26,33,1,9.22,US,1615145322
mataram,-8.5833,116.1167,77.0,88,40,6.02,ID,1615145322
los llanos de aridane,28.6585,-17.9182,60.49,68,20,24.16,ES,1615145322
flinders,-34.5833,150.8552,66.7,87,72,1.01,AU,1615145322
moose factory,51.2585,-80.6094,13.08,34,1,8.05,CA,1615145322
calvinia,-31.4707,19.776,63.52,67,0,6.91,ZA,1615145323
marzuq,14.4,46.4667,62.85,45,15,5.44,YE,1615145323
ubon ratchathani,15.1667,105.1667,79.0,88,1,3.98,TH,1615145323
sterling,39.0062,-77.4286,44.02,26,1,10.36,US,1615145201
kapoeta,4.7717,33.5903,88.0,26,36,9.31,SS,1615145324
farkhor,37.4922,69.4036,45.16,93,20,4.9,TJ,1615145324
namibe,-15.1961,12.1522,76.41,81,91,4.14,AO,1615145324
alofi,-19.0595,-169.9187,82.4,89,100,6.91,NU,1615145249
te anau,-45.4167,167.7167,38.86,86,12,0.63,NZ,1615145325
berdigestyakh,62.0989,126.6992,1.42,93,100,6.26,RU,1615145325
nome,64.5011,-165.4064,28.76,93,90,17.27,US,1615145325
sechura,-5.5569,-80.8222,85.44,51,94,14.56,PE,1615145325
joshimath,30.5667,79.5667,49.44,52,100,2.89,IN,1615145326
port blair,11.6667,92.75,79.74,79,0,7.72,IN,1615145326
atar,20.5169,-13.0499,75.11,20,0,12.37,MR,1615145326
kharhial,20.2833,82.7667,74.23,18,0,2.68,IN,1615145326
kyela,-9.5833,33.85,74.77,82,100,0.94,TZ,1615145327
burnie,-41.0667,145.9167,57.4,92,100,5.01,AU,1615145306
la llanada,1.49,-77.5835,56.95,100,99,4.65,CO,1615145327
lola,7.8,-8.5333,75.22,82,78,6.73,GN,1615145327
kavaratti,10.5669,72.642,82.04,73,0,9.8,IN,1615145327
makinsk,52.6292,70.4169,30.94,96,99,25.97,KZ,1615145328
santa maria,-29.6842,-53.8069,80.6,47,0,9.22,BR,1615145328
millerovo,48.9226,40.3967,29.03,88,0,19.26,RU,1615145328
port-cartier,50.0334,-66.8654,29.17,46,40,12.66,CA,1615145328
tsiroanomandidy,-18.7667,46.0333,66.65,93,3,1.61,MG,1615145328
novyy urengoy,66.0833,76.6333,-19.01,89,73,1.03,RU,1615145328
fairbanks,64.8378,-147.7164,8.67,85,90,3.44,US,1615145324
ingham,42.6,-84.3833,36.43,32,1,4.61,US,1615145329
porto walter,-8.2686,-72.7439,84.49,70,52,2.75,BR,1615145329
the valley,18.217,-63.0578,82.4,69,75,16.11,AI,1615145329
konya,38.1667,32.5,35.6,80,40,10.36,TR,1615145330
raahe,64.6833,24.4833,17.6,67,0,3.44,FI,1615145330
manisa,38.8333,28.1667,36.81,86,2,4.32,TR,1615145330
healdsburg,38.6105,-122.8692,58.19,54,29,1.01,US,1615145289
mayo,38.8876,-76.5119,43.66,28,1,11.5,US,1615145331
the pas,53.8251,-101.2541,42.8,45,1,13.8,CA,1615145331
brae,60.3964,-1.353,41.0,75,75,11.5,GB,1615145331
churapcha,62.0025,132.4325,-22.49,86,100,7.43,RU,1615145331
elko,41.0002,-115.5012,48.9,31,1,2.44,US,1615145331
chara,56.9064,118.2631,3.85,84,60,2.3,RU,1615145332
shirokiy,49.758,129.523,-3.32,93,0,0.43,RU,1615145332
kovylkino,54.0388,43.9139,26.26,98,100,19.01,RU,1615145332
mathbaria,22.2876,89.9593,71.89,97,16,4.25,BD,1615145333
salinopolis,-0.6136,-47.3561,77.88,88,100,5.88,BR,1615145333
baghdad,33.3406,44.4009,64.4,34,0,8.05,IQ,1615145195
port hardy,50.6996,-127.4199,42.8,81,75,9.22,CA,1615145333
pacifica,37.6138,-122.4869,54.41,54,20,5.75,US,1615145257
tamandare,-8.7597,-35.1047,82.87,68,0,9.91,BR,1615145334
grand gaube,-20.0064,57.6608,81.0,81,100,3.0,MU,1615145334
alta floresta,-9.8756,-56.0861,93.2,49,40,2.3,BR,1615145334
opuwo,-18.0607,13.84,72.07,46,26,6.42,NA,1615145334
bengkulu,-3.8004,102.2655,75.47,81,97,6.29,ID,1615145334
manzhouli,49.6,117.4333,8.69,95,25,2.98,CN,1615145334
charagua,-19.8,-63.2167,89.6,35,20,4.61,BO,1615145335
inuvik,68.3499,-133.7218,-18.4,76,50,6.91,CA,1615145335
mar del plata,-38.0023,-57.5575,80.6,41,0,13.8,AR,1615145335
zhangye,38.9342,100.4517,39.47,59,0,2.57,CN,1615145335
antofagasta,-23.65,-70.4,73.67,64,20,18.41,CL,1615145335
hun,29.1268,15.9477,70.07,23,0,12.48,LY,1615145336
ciudad bolivar,8.1222,-63.5497,96.66,33,85,13.62,VE,1615145336
saskylakh,71.9167,114.0833,-27.67,84,100,3.31,RU,1615145336
kuching,1.55,110.3333,77.0,94,40,2.26,MY,1615145337
daru,-9.0763,143.2092,76.55,86,67,6.11,PG,1615145337
port elizabeth,-33.918,25.5701,66.2,94,20,10.36,ZA,1615145128
akom,2.6678,12.7109,75.33,70,0,5.5,CM,1615145337
rosarito,32.3333,-117.0333,59.94,67,90,9.22,MX,1615145337
uvalde,29.3669,-99.767,65.53,42,75,8.05,US,1615145338
batagay-alyta,67.8006,130.4114,-17.55,76,100,2.26,RU,1615145338
sinazongwe,-17.2614,27.4618,75.31,73,0,2.64,ZM,1615145338
baruun-urt,46.6806,113.2792,17.35,89,0,7.63,MN,1615145338
coihaique,-45.5752,-72.0662,59.0,47,75,6.91,CL,1615145339
umm lajj,25.0213,37.2685,75.85,57,0,4.74,SA,1615145339
salinas,36.6777,-121.6555,56.68,44,1,8.05,US,1615145339
whitehorse,60.7161,-135.0538,15.78,67,75,8.05,CA,1615145339
gayeri,12.6497,0.4931,90.14,12,100,6.8,BF,1615145340
hami,42.8,93.45,43.48,54,31,6.53,CN,1615145340
klyuchi,52.2667,79.1667,21.07,96,97,10.54,RU,1615145340
katherine,-14.4667,132.2667,75.2,88,75,5.75,AU,1615145340
luangwa,-15.6167,30.4167,70.52,87,6,1.19,ZM,1615145340
axim,4.8699,-2.2405,81.43,84,14,6.82,GH,1615145341
wewak,-3.5534,143.6268,77.72,84,100,7.43,PG,1615145341
kruisfontein,-34.0033,24.7314,69.01,80,65,5.99,ZA,1615145341
auki,-8.7676,160.7034,78.15,83,100,3.42,SB,1615145341
mabai,23.0128,104.4508,55.15,100,94,3.76,CN,1615145342
tomatlan,19.9333,-105.25,88.32,42,0,11.25,MX,1615145342
moranbah,-22.0016,148.0466,69.78,87,1,6.31,AU,1615145342
bud,39.447,-86.1758,47.17,29,1,1.97,US,1615145342
leningradskiy,69.3833,178.4167,-15.83,87,100,7.23,RU,1615145343
biloela,-24.4167,150.5,68.13,92,0,6.46,AU,1615145343
rawson,-43.3002,-65.1023,82.17,20,0,25.23,AR,1615145343
severo-kurilsk,50.6789,156.125,15.06,90,95,26.42,RU,1615145343
mareeba,-17.0,145.4333,73.63,83,75,5.75,AU,1615145344
hauterive,46.0901,3.4459,43.63,81,75,2.3,FR,1615145344
sisian,39.5256,46.0251,48.2,61,75,4.61,AM,1615145344
savonlinna,61.8699,28.88,21.2,68,90,16.11,FI,1615145345
san juan del sur,11.2529,-85.8705,84.2,65,0,11.5,NI,1615145345
kalmunai,7.4167,81.8167,79.3,85,16,4.68,LK,1615145345
norman wells,65.282,-126.8329,-0.4,65,75,16.11,CA,1615145345
maragogi,-9.0122,-35.2225,82.31,69,0,10.89,BR,1615145345
kjollefjord,70.9457,27.3465,23.77,93,75,9.22,NO,1615145346
selenginsk,52.0064,106.8647,8.6,85,92,0.16,RU,1615145346
dudinka,69.4058,86.1778,-14.62,89,100,3.29,RU,1615145346
koltubanovskiy,52.9407,52.0269,13.1,95,100,9.24,RU,1615145346
lasem,-6.6922,111.4527,76.01,88,98,4.68,ID,1615145347
prachuap khiri khan,12.2167,99.75,81.0,68,0,3.31,TH,1615145347
russell,32.3502,-85.1999,63.14,19,1,3.44,US,1615145347
sergiyevsk,53.9413,51.165,13.89,96,100,12.8,RU,1615145348
aksarka,66.5606,67.7975,-18.36,88,99,9.69,RU,1615145348
ushtobe,45.2514,77.9838,35.2,82,85,4.34,KZ,1615145348
aromashevo,56.8602,68.6375,15.08,96,100,14.03,RU,1615145349
la romana,18.4273,-68.9728,84.2,70,40,12.66,DO,1615145349
san jose,37.3394,-121.895,56.86,44,40,13.8,US,1615145277
semnan,35.5729,53.3971,48.52,49,100,7.67,IR,1615145349
ballina,-28.8667,153.5667,67.51,88,40,5.75,AU,1615145349
ploemeur,47.7333,-3.4333,38.73,70,0,9.22,FR,1615145350
gillette,44.2911,-105.5022,49.64,43,1,6.91,US,1615145350
vanimo,-2.6741,141.3028,76.91,82,100,4.18,PG,1615145350
borzya,50.3833,116.5167,9.25,92,0,3.89,RU,1615145350
joaquim gomes,-9.1373,-35.7519,86.0,62,0,13.8,BR,1615145350
bandarbeyla,9.4942,50.8122,76.73,76,0,12.15,SO,1615145351
bratslav,48.8226,28.9407,30.83,64,16,8.95,UA,1615145351
nishihara,26.1842,127.7558,64.78,77,75,4.61,JP,1615145351
jibuti,11.5,42.5,80.6,57,1,3.44,DJ,1615145352
shimanovsk,52.0,127.7,-0.76,92,1,5.77,RU,1615145352
chornobay,49.6708,32.3239,31.62,94,97,16.06,UA,1615145352
amahai,-3.3333,128.9167,77.04,82,47,5.41,ID,1615145352
tezu,27.9167,96.1667,64.81,37,0,4.7,IN,1615145353
asosa,10.0667,34.5333,73.98,22,6,4.61,ET,1615145353
lima,-12.0432,-77.0282,80.29,61,0,10.36,PE,1615145280
richards bay,-28.783,32.0377,73.13,83,83,8.41,ZA,1615145353
raga,8.4596,25.678,78.85,17,0,3.44,SS,1615145354
bansang,13.4333,-14.65,102.2,24,0,4.61,GM,1615145354
lalibela,12.0333,39.0333,64.08,36,0,8.01,ET,1615145354
shahpura,27.3833,75.9667,75.2,25,0,2.3,IN,1615145354
sao joao da barra,-21.6403,-41.0511,78.8,73,75,13.8,BR,1615145354
parintins,-2.6283,-56.7358,88.43,63,50,4.97,BR,1615145348
gushikawa,26.3544,127.8686,64.26,94,75,8.05,JP,1615145355
aykhal,66.0,111.5,4.21,92,100,1.77,RU,1615145355
calabozo,8.9242,-67.4293,96.98,32,98,9.53,VE,1615145355
aripuana,-9.1667,-60.6333,89.35,56,45,3.36,BR,1615145355
datong,40.0936,113.2914,36.57,77,100,3.98,CN,1615145356
shelburne,44.0787,-80.2041,22.41,58,1,8.05,CA,1615145356
hanyang,32.1371,105.5126,53.01,88,100,1.36,CN,1615145356
excelsior springs,39.3392,-94.2261,65.07,22,1,18.41,US,1615145356
bulancak,40.9372,38.2291,37.4,93,75,8.05,TR,1615145356
palmer,42.1584,-72.3287,34.41,27,1,8.05,US,1615145357
soyo,-6.1349,12.3689,79.65,86,63,6.55,AO,1615145357
potam,27.6,-110.3833,79.32,27,75,13.8,MX,1615145357
grand island,40.925,-98.342,63.68,34,1,24.16,US,1615145358
chambersburg,39.9376,-77.6611,41.67,31,0,9.4,US,1615145160
liverpool,53.4106,-2.9779,42.42,76,0,6.91,GB,1615145143
neiafu,-18.65,-173.9833,77.0,94,75,10.87,TO,1615145358
kamariotissa,40.4833,25.4667,43.43,70,20,4.61,GR,1615145358
lazaro cardenas,17.9583,-102.2,85.24,48,0,10.22,MX,1615145359
ostrovnoy,68.0531,39.5131,2.98,92,100,8.48,RU,1615145359
brest,52.1,23.7,32.11,96,98,19.46,BY,1615145359
kodinsk,58.6881,99.1844,16.68,94,100,12.26,RU,1615145359
shangrao,28.4532,117.9686,43.57,92,44,2.66,CN,1615145359
canutama,-6.5339,-64.3831,94.28,44,38,2.86,BR,1615145360
hasaki,35.7333,140.8333,42.62,87,75,6.91,JP,1615145360
bartica,6.4,-58.6167,86.0,62,40,16.11,GY,1615145360
tucuman,-26.8241,-65.2226,87.8,55,0,8.05,AR,1615145360
toro,4.6117,-76.0814,75.2,73,40,4.61,CO,1615145361
najran,17.4924,44.1277,69.8,30,0,4.61,SA,1615145361
xinqing,48.2333,129.5,2.05,93,26,3.31,CN,1615145361
kesinga,20.2,83.2333,72.39,19,0,4.16,IN,1615145362
pouembout,-21.1333,164.9,70.11,80,0,5.17,NC,1615145362
sorong,-0.8833,131.25,79.47,81,100,7.96,ID,1615145362
beloha,-25.1667,45.05,71.22,82,0,5.77,MG,1615145362
slave lake,55.2834,-114.769,35.6,55,75,3.44,CA,1615145363
berlevag,70.8578,29.0864,19.4,86,75,6.91,NO,1615145363
zapolyarnyy,69.4154,30.8136,8.6,72,40,5.75,RU,1615145363
scottsbluff,41.8666,-103.6672,62.6,22,1,7.87,US,1615145263
sumbe,-11.2061,13.8437,78.21,81,100,11.63,AO,1615145364
valle de allende,26.9333,-105.4,68.43,25,0,5.84,MX,1615145364
nuuk,64.1835,-51.7216,30.09,100,90,2.3,GL,1615145362
kutum,14.2,24.6667,67.28,18,46,12.66,SD,1615145111
havoysund,70.9963,24.6622,26.6,93,75,9.22,NO,1615145364
pueblo,38.2545,-104.6091,66.52,10,1,4.61,US,1615145220
clinton,42.587,-82.9199,36.07,51,20,8.05,US,1615145182
aktash,50.3,87.7333,3.65,84,30,4.74,RU,1615145365
waverley,-25.7023,28.2591,69.01,40,0,5.75,ZA,1615145365
hermiston,45.8404,-119.2895,52.93,40,20,18.41,US,1615145366
rio gallegos,-51.6226,-69.2181,55.4,22,20,39.12,AR,1615145366
provideniya,64.3833,-173.3,29.75,97,100,16.11,RU,1615145366
caravelas,-17.7125,-39.2481,84.78,68,0,11.05,BR,1615145366
novoseleznevo,55.6821,69.2056,33.08,96,100,20.98,RU,1615145367
esperance,-33.8667,121.9,62.6,94,90,4.61,AU,1615145365
windhoek,-22.5594,17.0832,69.8,56,79,5.75,NA,1615145136
bandipur,27.9333,84.4167,52.84,43,0,3.53,NP,1615145367
fare,-16.7,-151.0167,82.87,72,99,15.35,PF,1615145367
kargasok,59.0556,80.8572,8.92,95,100,6.33,RU,1615145367
arlit,18.7369,7.3853,83.32,13,10,5.17,NE,1615145368
saint-felicien,48.6501,-72.4491,15.8,53,75,9.22,CA,1615145292
dod ballapur,13.2919,77.5431,74.25,40,0,3.44,IN,1615145368
sept-iles,50.2001,-66.3821,29.01,46,40,12.66,CA,1615145282
fremont,37.5483,-121.9886,55.89,47,1,9.22,US,1615145156
pevek,69.7008,170.3133,-23.84,85,100,9.44,RU,1615145368
sabha,27.0377,14.4283,78.3,16,2,10.56,LY,1615145369
gizo,-8.103,156.8419,81.57,76,100,9.62,SB,1615145369
moses lake,47.1301,-119.2781,51.8,40,1,20.71,US,1615145369
longhua,23.6137,114.1919,59.83,80,10,2.91,CN,1615145369
yarmouth,41.7057,-70.2286,30.99,43,1,6.91,US,1615145235
boysun,38.2061,67.1986,40.26,69,0,3.89,UZ,1615145369
praia da vitoria,38.7333,-27.0667,63.81,88,75,18.34,PT,1615145370
dunedin,-45.8742,170.5036,52.21,64,55,10.0,NZ,1615145174
farafangana,-22.8167,47.8333,76.87,81,78,10.27,MG,1615145370
santiago de puringla,14.3585,-87.9032,68.0,64,40,13.8,HN,1615145370
urucui,-7.2294,-44.5561,85.78,68,52,6.29,BR,1615145370
changji,44.0167,87.3167,28.4,93,75,4.47,CN,1615145371
hokitika,-42.7167,170.9667,54.39,79,100,11.23,NZ,1615145371
moron,-34.6534,-58.6198,85.75,34,0,1.99,AR,1615145371
cap malheureux,-19.9842,57.6142,81.0,81,100,5.01,MU,1615145371
platanos,37.6667,21.6167,44.33,87,20,2.15,GR,1615145372
roald,62.5833,6.1333,30.36,86,0,9.22,NO,1615145372
ampanihy,-24.7,44.75,71.4,78,0,6.55,MG,1615145372
mukhen,48.1,136.1,7.68,93,87,7.31,RU,1615145372
nouadhibou,20.931,-17.0347,68.0,68,0,21.85,MR,1615145372
clyde river,70.4692,-68.5914,-18.4,69,1,5.01,CA,1615145336
goma,-1.6792,29.2228,64.56,80,100,3.15,CD,1615145373
zahir pir,28.8124,70.524,71.28,31,0,10.65,PK,1615145373
mogadishu,2.0371,45.3438,78.69,80,0,23.62,SO,1615145373
butembo,0.15,29.2833,58.51,100,86,1.68,CD,1615145373
matara,5.9485,80.5353,77.25,86,7,7.11,LK,1615145374
masty,53.4122,24.5387,29.37,95,98,14.25,BY,1615145374
moshi,-3.35,37.3333,76.23,48,5,8.93,TZ,1615145374
novo aripuana,-5.1206,-60.3797,91.2,54,40,0.92,BR,1615145374
mountain home,43.133,-115.6912,50.0,50,1,14.97,US,1615145374
eyrarbakki,63.863,-21.1481,37.85,75,75,10.36,IS,1615145374
ferme-neuve,46.7001,-75.4493,23.0,36,100,8.05,CA,1615145375
ganzhou,28.8184,115.4327,44.85,86,27,3.13,CN,1615145375
derzhavinsk,51.1,66.3167,32.72,96,100,28.7,KZ,1615145375
kralendijk,12.15,-68.2667,84.2,65,40,21.85,BQ,1615145219
mengcheng,33.2579,116.5655,40.48,68,100,5.46,CN,1615145375
honiara,-9.4333,159.95,77.77,80,100,1.81,SB,1615145376
las palmas,28.4204,-14.0131,64.4,59,20,18.41,ES,1615145376
lubango,-14.9172,13.4925,62.51,85,71,4.94,AO,1615145376
carmen,18.6333,-91.8333,77.0,61,75,10.36,MX,1615145201
havelock,34.8791,-76.9013,51.66,46,1,16.11,US,1615145267
mikhaylovka,50.06,43.2379,28.99,76,100,10.0,RU,1615145376
gangarampur,25.4,88.5167,66.6,44,0,6.76,IN,1615145377
lorengau,-2.0226,147.2712,79.63,80,100,4.23,PG,1615145377
chegdomyn,51.1167,133.0167,-10.25,89,74,0.43,RU,1615145377
hurghada,27.2574,33.8129,69.8,37,0,16.11,EG,1615145377
falun,60.6036,15.626,30.94,51,40,14.97,SE,1615145377
goderich,43.7501,-81.7165,24.8,63,49,5.75,CA,1615145378
srednekolymsk,67.45,153.6833,-20.9,87,100,10.65,RU,1615145378
saint-michel-des-saints,46.6834,-73.9159,18.14,95,100,6.02,CA,1615145378
saldanha,-33.0117,17.9442,62.6,67,0,5.75,ZA,1615145378
koumac,-20.5667,164.2833,73.36,79,15,6.31,NC,1615145378
touros,-5.1989,-35.4608,84.2,65,40,11.5,BR,1615145379
corn island,12.1694,-83.0418,79.07,78,0,15.73,NI,1615145379
meadow lake,34.8014,-106.5436,60.26,24,40,4.61,US,1615145379
bourail,-21.5667,165.4833,70.21,80,0,4.54,NC,1615145380
kagal,16.5833,74.3167,75.02,39,0,0.87,IN,1615145380
sergeyevka,53.88,67.4158,21.27,97,100,15.05,KZ,1615145380
henties bay,-22.116,14.2845,69.08,67,0,10.36,NA,1615145380
corinto,37.9407,22.9573,48.99,63,81,3.0,GR,1615145380
newport,51.5877,-2.9984,35.24,75,18,3.33,GB,1615145370
uyuni,-20.4597,-66.825,63.73,29,95,7.47,BO,1615145381
asfi,32.2994,-9.2372,59.0,84,31,12.24,MA,1615145381
cairns,-16.9167,145.7667,75.49,83,75,5.75,AU,1615145381
kudahuvadhoo,2.6708,72.8944,82.56,74,0,13.4,MV,1615145381
aneho,6.2333,1.6,84.2,79,20,8.05,TG,1615145382
comodoro rivadavia,-45.8667,-67.5,73.4,43,40,36.82,AR,1615145239
wangjing,24.6,94.0333,54.84,66,13,0.81,IN,1615145382
socorro,31.6546,-106.3033,64.36,27,20,5.75,US,1615145382
mandalgovi,45.7625,106.2708,28.22,79,0,5.86,MN,1615145383
port-gentil,-0.7193,8.7815,82.4,78,20,4.61,GA,1615145383
